{"cameraMode":{"drawMode":0,"name":"Shaded","section":"Shading Mode"},"sceneLighting":false,"audioPlay":false,"sceneViewState":{"showFog":true,"showMaterialUpdate":false,"showSkybox":false,"showFlares":true,"showImageEffects":true,"showParticleSystems":true},"in2DMode":false,"pivot":{"x":-0.6824874877929688,"y":3.6700000762939455,"z":-10.198110580444336},"rotation":{"x":0.1895427405834198,"y":-0.42783018946647646,"z":0.09226176142692566,"w":0.8789332509040833},"size":1.2247451543807984,"orthographic":false}